{
  "view/EmployeeDetails.view.xml": 1620512941417,
  "i18n/i18n_es.properties": 1621127209587,
  "model/models.js": 1618070549345,
  "model/json/Employees.json": 1621209110380,
  "model/json/Countries.json": 1621209108049,
  "manifest.json": 1621619706758,
  "model/json/Layouts.json": 1621209113399,
  "model/formatter.js": 1619921960546,
  "controller/OrderDetails.controller.js": 1621617969959,
  "controller/MasterEmployee.controller.js": 1621097386834,
  "controller/Main.controller.js": 1621209369355,
  "controller/EmployeeDetails.controller.js": 1621191989433,
  "controller/Base.controller.js": 1621097381274,
  "controller/App.controller.js": 1621104173023,
  "control/Signature.js": 1621619620942,
  "Component.js": 1621202527065,
  "manifest-bundle.zip": 1621619706277,
  "Component-preload.js": 1621619706667,
  "model/models-dbg.js": 1618070549345,
  "model/formatter-dbg.js": 1619921960546,
  "controller/OrderDetails-dbg.controller.js": 1621617969959,
  "controller/MasterEmployee-dbg.controller.js": 1621097386834,
  "controller/Main-dbg.controller.js": 1621209369355,
  "controller/EmployeeDetails-dbg.controller.js": 1621191989433,
  "controller/Base-dbg.controller.js": 1621097381274,
  "controller/App-dbg.controller.js": 1621104173023,
  "control/Signature-dbg.js": 1621619620942,
  "Component-dbg.js": 1621202527065,
  "resources.json": 1621619706762,
  "view/OrderDetails.view.xml": 1621618000607,
  "view/MasterEmployee.view.xml": 1619399290391,
  "view/Main.view.xml": 1620696815492,
  "i18n/i18n.properties": 1621127172215,
  "view/App.view.xml": 1620696629266,
  "fragment/TableOrders.fragment.xml": 1620953433064,
  "fragment/TableEmployee.fragment.xml": 1619987292558,
  "fragment/NewIncidence.fragment.xml": 1620506940156,
  "fragment/DialogOrders.fragment.xml": 1620512112070,
  "css/style.css": 1619573794246,
  "index.html": 1621047082785
}