<core:FragmentDefinition xmlns="sap.m"
                         xmlns:core="sap.ui.core">
    <Dialog id="orderDialog" title="{i18n>dialogTitle} de {odataNorthwind>FirstName} {odataNorthwind>LastName}" >
        <content>
            <core:Fragment fragmentName="logaligroup.Employees.fragment.TableOrders" type="XML"/>                  
        </content>
        <beginButton>
            <Button text="{i18n>dialogCloseBut}" press="onCloseDialog"/> 
        </beginButton>
    </Dialog>
</core:FragmentDefinition>    