<core:FragmentDefinition xmlns="sap.m"
                         xmlns:core="sap.ui.core">
    <Table items="{odataNorthwind>Orders}" width="700px">
        <columns>
            <Column>
                <Text text="{i18n>columnOrderID}" />
            </Column>
            <Column>
                <Text text="{i18n>columnOrderFreight}" />
            </Column>   
            <Column>
                <Text text="{i18n>columnOrderShipAddress}" />
            </Column>             
        </columns>    
        <items>
            <ColumnListItem type="Navigation" press="toOrderDetails">
                    <cells>  
                        <Text text="{odataNorthwind>OrderID}" />
                        <Text text="{odataNorthwind>Freight}" />
                        <Text text="{odataNorthwind>ShipAddress}" />
                    </cells>
            </ColumnListItem>
        </items>                                
    </Table>                           
</core:FragmentDefinition>                            